condition,wavelength,irradiance
clear_noon,300,0
clear_noon,310,0.01
clear_noon,320,0.14
clear_noon,330,0.36
clear_noon,340,0.65
clear_noon,350,0.89
clear_noon,360,1.12
clear_noon,370,1.22
clear_noon,380,1.12
clear_noon,390,1.02
clear_noon,400,1
clear_noon,410,1.22
clear_noon,420,1.43
clear_noon,430,1.47
clear_noon,440,1.51
clear_noon,450,1.56
clear_noon,460,1.6
clear_noon,470,1.66
clear_noon,480,1.72
clear_noon,490,1.78
clear_noon,500,1.84
clear_noon,510,1.88
clear_noon,520,1.9
clear_noon,530,1.9
clear_noon,540,1.88
clear_noon,550,1.85
clear_noon,560,1.81
clear_noon,570,1.76
clear_noon,580,1.72
clear_noon,590,1.67
clear_noon,600,1.62
clear_noon,610,1.57
clear_noon,620,1.52
clear_noon,630,1.47
clear_noon,640,1.42
clear_noon,650,1.37
clear_noon,660,1.32
clear_noon,670,1.26
clear_noon,680,1.2
clear_noon,690,1.14
clear_noon,700,1.08
clear_noon,710,1.02
clear_noon,720,0.96
clear_noon,730,0.9
clear_noon,740,0.84
clear_noon,750,0.78
clear_noon,760,0.72
clear_noon,770,0.66
clear_noon,780,0.6
clear_noon,790,0.54
clear_noon,800,0.48
clear_dawn,300,0
clear_dawn,310,0.0035
clear_dawn,320,0.049
clear_dawn,330,0.126
clear_dawn,340,0.2275
clear_dawn,350,0.3115
clear_dawn,360,0.392
clear_dawn,370,0.427
clear_dawn,380,0.392
clear_dawn,390,0.357
clear_dawn,400,0.35
clear_dawn,410,0.427
clear_dawn,420,0.5005
clear_dawn,430,0.5145
clear_dawn,440,0.5285
clear_dawn,450,0.546
clear_dawn,460,0.56
clear_dawn,470,0.581
clear_dawn,480,0.602
clear_dawn,490,0.623
clear_dawn,500,0.644
clear_dawn,510,0.658
clear_dawn,520,0.665
clear_dawn,530,0.665
clear_dawn,540,0.658
clear_dawn,550,0.6475
clear_dawn,560,0.6335
clear_dawn,570,0.616
clear_dawn,580,0.602
clear_dawn,590,0.5845
clear_dawn,600,0.567
clear_dawn,610,0.5495
clear_dawn,620,0.532
clear_dawn,630,0.5145
clear_dawn,640,0.497
clear_dawn,650,0.4795
clear_dawn,660,0.462
clear_dawn,670,0.441
clear_dawn,680,0.42
clear_dawn,690,0.399
clear_dawn,700,0.378
clear_dawn,710,0.357
clear_dawn,720,0.336
clear_dawn,730,0.315
clear_dawn,740,0.294
clear_dawn,750,0.273
clear_dawn,760,0.252
clear_dawn,770,0.231
clear_dawn,780,0.21
clear_dawn,790,0.189
clear_dawn,800,0.168
overcast,300,0
overcast,310,0.0022
overcast,320,0.0308
overcast,330,0.0792
overcast,340,0.143
overcast,350,0.1958
overcast,360,0.2464
overcast,370,0.2684
overcast,380,0.2464
overcast,390,0.2244
overcast,400,0.22
overcast,410,0.2684
overcast,420,0.3146
overcast,430,0.3234
overcast,440,0.3322
overcast,450,0.3432
overcast,460,0.352
overcast,470,0.3652
overcast,480,0.3784
overcast,490,0.3916
overcast,500,0.4048
overcast,510,0.4136
overcast,520,0.418
overcast,530,0.418
overcast,540,0.4136
overcast,550,0.407
overcast,560,0.3982
overcast,570,0.3872
overcast,580,0.3784
overcast,590,0.3674
overcast,600,0.3564
overcast,610,0.3454
overcast,620,0.3344
overcast,630,0.3234
overcast,640,0.3124
overcast,650,0.3014
overcast,660,0.2904
overcast,670,0.2772
overcast,680,0.264
overcast,690,0.2508
overcast,700,0.2376
overcast,710,0.2244
overcast,720,0.2112
overcast,730,0.198
overcast,740,0.1848
overcast,750,0.1716
overcast,760,0.1584
overcast,770,0.1452
overcast,780,0.132
overcast,790,0.1188
overcast,800,0.1056
underwater_1m,300,0
underwater_1m,310,0.00847588080225824
underwater_1m,320,0.118662331231615
underwater_1m,330,0.305131708881297
underwater_1m,340,0.550932252146786
underwater_1m,350,0.754353391400983
underwater_1m,360,0.949298649852923
underwater_1m,370,1.03405745787551
underwater_1m,380,0.949298649852923
underwater_1m,390,0.86453984183034
underwater_1m,400,0.847588080225824
underwater_1m,410,1.03405745787551
underwater_1m,420,1.21205095472293
underwater_1m,430,1.24595447793196
underwater_1m,440,1.27985800114099
underwater_1m,450,1.32223740515229
underwater_1m,460,1.35614092836132
underwater_1m,470,1.40699621317487
underwater_1m,480,1.45785149798842
underwater_1m,490,1.50870678280197
underwater_1m,500,1.73284674179502
underwater_1m,510,1.77051732313839
underwater_1m,520,1.78935261381007
underwater_1m,530,1.78935261381007
underwater_1m,540,1.77051732313839
underwater_1m,550,1.74226438713086
underwater_1m,560,1.70459380578749
underwater_1m,570,1.65750557910828
underwater_1m,580,1.61983499776491
underwater_1m,590,1.5727467710857
underwater_1m,600,1.52565854440648
underwater_1m,610,1.47857031772727
underwater_1m,620,1.43148209104806
underwater_1m,630,1.38439386436885
underwater_1m,640,1.33730563768963
underwater_1m,650,1.29021741101042
underwater_1m,660,1.24312918433121
underwater_1m,670,1.18662331231615
underwater_1m,680,1.1301174403011
underwater_1m,690,1.07361156828604
underwater_1m,700,1.01710569627099
underwater_1m,710,0.960599824255934
underwater_1m,720,0.904093952240879
underwater_1m,730,0.847588080225824
underwater_1m,740,0.791082208210769
underwater_1m,750,0.734576336195714
underwater_1m,760,0.678070464180659
underwater_1m,770,0.621564592165604
underwater_1m,780,0.565058720150549
underwater_1m,790,0.508552848135494
underwater_1m,800,0.452046976120439
underwater_10m,300,0
underwater_10m,310,0.00439049308875221
underwater_10m,320,0.061466903242531
underwater_10m,330,0.15805775119508
underwater_10m,340,0.285382050768894
underwater_10m,350,0.390753884898947
underwater_10m,360,0.491735225940248
underwater_10m,370,0.53564015682777
underwater_10m,380,0.491735225940248
underwater_10m,390,0.447830295052726
underwater_10m,400,0.439049308875221
underwater_10m,410,0.53564015682777
underwater_10m,420,0.627840511691566
underwater_10m,430,0.645402484046575
underwater_10m,440,0.662964456401584
underwater_10m,450,0.684916921845345
underwater_10m,460,0.702478894200354
underwater_10m,470,0.728821852732867
underwater_10m,480,0.75516481126538
underwater_10m,490,0.781507769797894
underwater_10m,500,0.807850728330407
underwater_10m,510,0.825412700685416
underwater_10m,520,0.83419368686292
underwater_10m,530,0.83419368686292
underwater_10m,540,0.825412700685416
underwater_10m,550,0.812241221419159
underwater_10m,560,0.79467924906415
underwater_10m,570,0.772726783620389
underwater_10m,580,0.75516481126538
underwater_10m,590,0.733212345821619
underwater_10m,600,0.266722455141697
underwater_10m,610,0.258490280600286
underwater_10m,620,0.250258106058876
underwater_10m,630,0.242025931517466
underwater_10m,640,0.233793756976055
underwater_10m,650,0.225561582434645
underwater_10m,660,0.217329407893234
underwater_10m,670,0.207450798443542
underwater_10m,680,0.19757218899385
underwater_10m,690,0.187693579544157
underwater_10m,700,0.177814970094465
underwater_10m,710,0.167936360644772
underwater_10m,720,0.15805775119508
underwater_10m,730,0.148179141745387
underwater_10m,740,0.138300532295695
underwater_10m,750,0.128421922846002
underwater_10m,760,0.11854331339631
underwater_10m,770,0.108664703946617
underwater_10m,780,0.0987860944969248
underwater_10m,790,0.0889074850472323
underwater_10m,800,0.0790288755975398
